{"RuleTriggered": 0, "Violations": 305, "Details": {"low_gpu_utilization": 873, "bottlenecks": {"1731503691.000441": {"GPUs": 1, "CPUs": 4}, "1731503691.50093": {"GPUs": 1, "CPUs": 3}, "1731503692.001043": {"GPUs": 1, "CPUs": 4}, "1731503692.501498": {"GPUs": 1, "CPUs": 4}, "1731503693.001192": {"GPUs": 1, "CPUs": 4}, "1731503693.501168": {"GPUs": 1, "CPUs": 4}, "1731503694.001534": {"GPUs": 1, "CPUs": 4}, "1731503694.500612": {"GPUs": 1, "CPUs": 4}, "1731503695.00101": {"GPUs": 1, "CPUs": 3}, "1731503695.50137": {"GPUs": 1, "CPUs": 4}, "1731503696.002546": {"GPUs": 1, "CPUs": 2}, "1731503696.500676": {"GPUs": 1, "CPUs": 3}, "1731503697.002074": {"GPUs": 1, "CPUs": 4}, "1731503697.501505": {"GPUs": 1, "CPUs": 3}, "1731503698.00151": {"GPUs": 1, "CPUs": 4}, "1731503698.501393": {"GPUs": 1, "CPUs": 4}, "1731503699.001607": {"GPUs": 1, "CPUs": 4}, "1731503699.501096": {"GPUs": 1, "CPUs": 3}, "1731503700.501217": {"GPUs": 1, "CPUs": 4}, "1731503701.000995": {"GPUs": 1, "CPUs": 3}, "1731503701.500833": {"GPUs": 1, "CPUs": 1}, "1731503702.002805": {"GPUs": 1, "CPUs": 4}, "1731503702.500824": {"GPUs": 1, "CPUs": 1}, "1731503703.005714": {"GPUs": 1, "CPUs": 4}, "1731503703.500916": {"GPUs": 1, "CPUs": 4}, "1731503704.005562": {"GPUs": 1, "CPUs": 4}, "1731503704.500692": {"GPUs": 1, "CPUs": 4}, "1731503705.00452": {"GPUs": 1, "CPUs": 4}, "1731503705.500665": {"GPUs": 1, "CPUs": 4}, "1731503706.001542": {"GPUs": 1, "CPUs": 4}, "1731503706.500731": {"GPUs": 1, "CPUs": 4}, "1731503707.002685": {"GPUs": 1, "CPUs": 4}, "1731503707.502525": {"GPUs": 1, "CPUs": 4}, "1731503708.000694": {"GPUs": 1, "CPUs": 3}, "1731503708.501074": {"GPUs": 1, "CPUs": 4}, "1731503709.001081": {"GPUs": 1, "CPUs": 4}, "1731503709.501357": {"GPUs": 1, "CPUs": 1}, "1731503710.001052": {"GPUs": 1, "CPUs": 1}, "1731503711.000406": {"GPUs": 1, "CPUs": 2}, "1731503711.503126": {"GPUs": 1, "CPUs": 4}, "1731503712.000374": {"GPUs": 1, "CPUs": 4}, "1731503712.501774": {"GPUs": 1, "CPUs": 2}, "1731503713.001486": {"GPUs": 1, "CPUs": 4}, "1731503713.501443": {"GPUs": 1, "CPUs": 3}, "1731503715.001183": {"GPUs": 1, "CPUs": 2}, "1731503715.501271": {"GPUs": 1, "CPUs": 2}, "1731503716.500786": {"GPUs": 1, "CPUs": 1}, "1731503722.001326": {"GPUs": 1, "CPUs": 1}, "1731503725.000728": {"GPUs": 1, "CPUs": 2}, "1731503725.500727": {"GPUs": 1, "CPUs": 3}, "1731503726.000649": {"GPUs": 1, "CPUs": 4}, "1731503726.500583": {"GPUs": 1, "CPUs": 2}, "1731503727.001125": {"GPUs": 1, "CPUs": 2}, "1731503727.500372": {"GPUs": 1, "CPUs": 4}, "1731503728.000631": {"GPUs": 1, "CPUs": 4}, "1731503728.500921": {"GPUs": 1, "CPUs": 4}, "1731503729.000604": {"GPUs": 1, "CPUs": 4}, "1731503729.501321": {"GPUs": 1, "CPUs": 3}, "1731503730.000729": {"GPUs": 1, "CPUs": 1}, "1731503730.500827": {"GPUs": 1, "CPUs": 2}, "1731503731.000428": {"GPUs": 1, "CPUs": 2}, "1731503731.500774": {"GPUs": 1, "CPUs": 4}, "1731503732.000854": {"GPUs": 1, "CPUs": 2}, "1731503732.501708": {"GPUs": 1, "CPUs": 1}, "1731503733.000343": {"GPUs": 1, "CPUs": 2}, "1731503733.50122": {"GPUs": 1, "CPUs": 1}, "1731503734.001298": {"GPUs": 1, "CPUs": 2}, "1731503734.501561": {"GPUs": 1, "CPUs": 3}, "1731503735.002051": {"GPUs": 1, "CPUs": 2}, "1731503735.504423": {"GPUs": 1, "CPUs": 4}, "1731503736.00154": {"GPUs": 1, "CPUs": 3}, "1731503736.501563": {"GPUs": 1, "CPUs": 2}, "1731503737.001098": {"GPUs": 1, "CPUs": 4}, "1731503737.500571": {"GPUs": 1, "CPUs": 2}, "1731503738.000681": {"GPUs": 1, "CPUs": 1}, "1731503738.500972": {"GPUs": 1, "CPUs": 2}, "1731503739.000947": {"GPUs": 1, "CPUs": 1}, "1731503739.500862": {"GPUs": 1, "CPUs": 1}, "1731503740.000364": {"GPUs": 1, "CPUs": 1}, "1731503740.501391": {"GPUs": 1, "CPUs": 2}, "1731503741.500831": {"GPUs": 1, "CPUs": 4}, "1731503742.000575": {"GPUs": 1, "CPUs": 4}, "1731503742.501521": {"GPUs": 1, "CPUs": 2}, "1731503743.00127": {"GPUs": 1, "CPUs": 1}, "1731503743.500538": {"GPUs": 1, "CPUs": 2}, "1731503744.000436": {"GPUs": 1, "CPUs": 1}, "1731503744.501315": {"GPUs": 1, "CPUs": 1}, "1731503745.000861": {"GPUs": 1, "CPUs": 1}, "1731503745.500583": {"GPUs": 1, "CPUs": 1}, "1731503752.000784": {"GPUs": 1, "CPUs": 1}, "1731503752.500971": {"GPUs": 1, "CPUs": 3}, "1731503753.000385": {"GPUs": 1, "CPUs": 4}, "1731503753.500926": {"GPUs": 1, "CPUs": 3}, "1731503754.000836": {"GPUs": 1, "CPUs": 1}, "1731503755.501036": {"GPUs": 1, "CPUs": 2}, "1731503756.000568": {"GPUs": 1, "CPUs": 1}, "1731503756.500444": {"GPUs": 1, "CPUs": 1}, "1731503757.001352": {"GPUs": 1, "CPUs": 1}, "1731503759.000706": {"GPUs": 1, "CPUs": 2}, "1731503759.501235": {"GPUs": 1, "CPUs": 2}, "1731503760.001128": {"GPUs": 1, "CPUs": 3}, "1731503760.50077": {"GPUs": 1, "CPUs": 2}, "1731503761.00264": {"GPUs": 1, "CPUs": 2}, "1731503761.500714": {"GPUs": 1, "CPUs": 4}, "1731503762.000957": {"GPUs": 1, "CPUs": 4}, "1731503762.50112": {"GPUs": 1, "CPUs": 4}, "1731503763.001046": {"GPUs": 1, "CPUs": 4}, "1731503763.500633": {"GPUs": 1, "CPUs": 4}, "1731503764.001369": {"GPUs": 1, "CPUs": 3}, "1731503764.501328": {"GPUs": 1, "CPUs": 3}, "1731503765.500792": {"GPUs": 1, "CPUs": 2}, "1731503766.001152": {"GPUs": 1, "CPUs": 1}, "1731503768.00099": {"GPUs": 1, "CPUs": 1}, "1731503768.501301": {"GPUs": 1, "CPUs": 1}, "1731503769.001103": {"GPUs": 1, "CPUs": 1}, "1731503770.501234": {"GPUs": 1, "CPUs": 1}, "1731503772.001067": {"GPUs": 1, "CPUs": 1}, "1731503776.000798": {"GPUs": 1, "CPUs": 1}, "1731503822.50122": {"GPUs": 1, "CPUs": 1}, "1731503868.500816": {"GPUs": 1, "CPUs": 1}, "1731503892.501087": {"GPUs": 1, "CPUs": 1}, "1731503893.0007": {"GPUs": 1, "CPUs": 1}, "1731503899.500813": {"GPUs": 1, "CPUs": 1}, "1731503900.501122": {"GPUs": 1, "CPUs": 1}, "1731503903.500823": {"GPUs": 1, "CPUs": 1}, "1731503905.000594": {"GPUs": 1, "CPUs": 1}, "1731503906.000748": {"GPUs": 1, "CPUs": 1}, "1731503906.501193": {"GPUs": 1, "CPUs": 1}, "1731503909.001292": {"GPUs": 1, "CPUs": 1}, "1731503911.500588": {"GPUs": 1, "CPUs": 1}, "1731503913.500575": {"GPUs": 1, "CPUs": 1}, "1731503921.501332": {"GPUs": 1, "CPUs": 1}, "1731503923.000671": {"GPUs": 1, "CPUs": 1}, "1731503929.001064": {"GPUs": 1, "CPUs": 1}, "1731503930.000419": {"GPUs": 1, "CPUs": 1}, "1731503930.500691": {"GPUs": 1, "CPUs": 1}, "1731503931.500895": {"GPUs": 1, "CPUs": 1}, "1731503939.501171": {"GPUs": 1, "CPUs": 1}, "1731503941.501032": {"GPUs": 1, "CPUs": 1}, "1731503944.001089": {"GPUs": 1, "CPUs": 1}, "1731503945.000645": {"GPUs": 1, "CPUs": 1}, "1731503946.501243": {"GPUs": 1, "CPUs": 1}, "1731503948.501341": {"GPUs": 1, "CPUs": 1}, "1731503949.00064": {"GPUs": 1, "CPUs": 1}, "1731503951.000543": {"GPUs": 1, "CPUs": 1}, "1731503951.500782": {"GPUs": 1, "CPUs": 1}, "1731503952.501402": {"GPUs": 1, "CPUs": 1}, "1731503958.000941": {"GPUs": 1, "CPUs": 1}, "1731503960.000853": {"GPUs": 1, "CPUs": 1}, "1731503965.001214": {"GPUs": 1, "CPUs": 1}, "1731503971.001087": {"GPUs": 1, "CPUs": 1}, "1731503972.000712": {"GPUs": 1, "CPUs": 1}, "1731503973.501336": {"GPUs": 1, "CPUs": 1}, "1731503974.500897": {"GPUs": 1, "CPUs": 1}, "1731503979.000588": {"GPUs": 1, "CPUs": 1}, "1731503979.50111": {"GPUs": 1, "CPUs": 1}, "1731503983.500597": {"GPUs": 1, "CPUs": 1}, "1731503986.001253": {"GPUs": 1, "CPUs": 1}, "1731503987.501009": {"GPUs": 1, "CPUs": 1}, "1731503990.001299": {"GPUs": 1, "CPUs": 1}, "1731503992.00119": {"GPUs": 1, "CPUs": 1}, "1731503993.000678": {"GPUs": 1, "CPUs": 1}, "1731503996.501339": {"GPUs": 1, "CPUs": 1}, "1731503997.000596": {"GPUs": 1, "CPUs": 1}, "1731503998.501239": {"GPUs": 1, "CPUs": 1}, "1731504000.500998": {"GPUs": 1, "CPUs": 1}, "1731504004.501113": {"GPUs": 1, "CPUs": 1}, "1731504006.00083": {"GPUs": 1, "CPUs": 1}, "1731504008.501019": {"GPUs": 1, "CPUs": 1}, "1731504009.50076": {"GPUs": 1, "CPUs": 1}, "1731504010.500792": {"GPUs": 1, "CPUs": 1}, "1731504011.001183": {"GPUs": 1, "CPUs": 1}, "1731504012.000705": {"GPUs": 1, "CPUs": 1}, "1731504016.000675": {"GPUs": 1, "CPUs": 1}, "1731504017.001112": {"GPUs": 1, "CPUs": 1}, "1731504018.000781": {"GPUs": 1, "CPUs": 1},