{"RuleTriggered": 4, "Violations": 4, "Details": {"algo-1": {"gpu0": {"increase": 5.100000000000001, "gpu_max": 75.0, "p05": 0.0, "p25": 0.0, "p50": 0.0, "p75": 11.0, "p95": 58.299999999999955, "upper": 27.5, "lower": 0.0}}, "last_timestamp": 1731504240000000}, "Datapoints": 1221, "RuleParameters": "increase:5\npatience:1000\nwindow:10"}