{"RuleTriggered": 0, "Violations": 44, "Details": {"low_gpu_utilization": 873, "bottlenecks": {"1731503801.001281": {"GPUs": 1, "CPUs": 1}, "1731503801.500528": {"GPUs": 1, "CPUs": 1}, "1731503802.501261": {"GPUs": 1, "CPUs": 1}, "1731503807.001199": {"GPUs": 1, "CPUs": 1}, "1731503808.001038": {"GPUs": 1, "CPUs": 1}, "1731503830.000594": {"GPUs": 1, "CPUs": 1}, "1731503830.500683": {"GPUs": 1, "CPUs": 1}, "1731503833.501252": {"GPUs": 1, "CPUs": 1}, "1731503847.500989": {"GPUs": 1, "CPUs": 1}, "1731503850.501131": {"GPUs": 1, "CPUs": 1}, "1731503876.001237": {"GPUs": 1, "CPUs": 1}, "1731503882.000559": {"GPUs": 1, "CPUs": 1}, "1731503882.500628": {"GPUs": 1, "CPUs": 1}, "1731503883.501154": {"GPUs": 1, "CPUs": 1}, "1731503884.001127": {"GPUs": 1, "CPUs": 1}, "1731503885.000705": {"GPUs": 1, "CPUs": 1}, "1731503886.501013": {"GPUs": 1, "CPUs": 1}, "1731503887.000554": {"GPUs": 1, "CPUs": 1}, "1731503887.500778": {"GPUs": 1, "CPUs": 1}, "1731503888.001271": {"GPUs": 1, "CPUs": 1}, "1731503888.50127": {"GPUs": 1, "CPUs": 1}, "1731503889.000812": {"GPUs": 1, "CPUs": 1}, "1731503889.501056": {"GPUs": 1, "CPUs": 1}, "1731503890.000921": {"GPUs": 1, "CPUs": 1}, "1731503890.500515": {"GPUs": 1, "CPUs": 1}, "1731503891.501038": {"GPUs": 1, "CPUs": 1}, "1731503892.001008": {"GPUs": 1, "CPUs": 1}, "1731503892.501087": {"GPUs": 1, "CPUs": 1}, "1731503893.0007": {"GPUs": 1, "CPUs": 1}, "1731503894.001029": {"GPUs": 1, "CPUs": 1}, "1731503894.501168": {"GPUs": 1, "CPUs": 1}, "1731503895.000748": {"GPUs": 1, "CPUs": 1}, "1731503895.500776": {"GPUs": 1, "CPUs": 1}, "1731503896.000991": {"GPUs": 1, "CPUs": 1}, "1731503896.501243": {"GPUs": 1, "CPUs": 1}, "1731503897.500562": {"GPUs": 1, "CPUs": 1}, "1731503898.000733": {"GPUs": 1, "CPUs": 1}, "1731503899.500813": {"GPUs": 1, "CPUs": 1}, "1731503900.001007": {"GPUs": 1, "CPUs": 1}, "1731503900.501122": {"GPUs": 1, "CPUs": 1}, "1731503901.001389": {"GPUs": 1, "CPUs": 1}, "1731503901.50139": {"GPUs": 1, "CPUs": 1}, "1731503905.000594": {"GPUs": 1, "CPUs": 1}, "1731503905.500527": {"GPUs": 1, "CPUs": 1}}}, "Datapoints": 1227, "RuleParameters": "threshold:50\nio_threshold:50\ngpu_threshold:10\npatience:1000"}