{"RuleTriggered": 0, "Violations": 0, "Details": {"step_num": {"first": 1731662951918010, "last": 1731663539894801}, "job_start": 1731662732.800339, "job_end": 1731663539.901692}, "Datapoints": 335, "RuleParameters": "threshold:20"}