{"RuleTriggered": 0, "Violations": 0, "Details": {"ratio": {"gpu_functions-dev:0": 49.622938826045356, "cpu_functions": 50.377061173954644}, "phase": {"Step:ModeKeys.GLOBAL": 23.50782763431317, "others": 76.49217236568683}, "phase_time": {}, "CPU": {"rand": 3.9654200338282277, "empty": 4.554281776608407, "lt": 10.173526279521393, "lt_out": 6.40856981770344, "item": 2.7125227087640167, "to": 15.968176407943368, "empty_strided": 2.2990665914928274, "copy_": 23.134749107310654, "is_nonzero": 2.3366535112447533, "contiguous": 16.268871765958778, "div": 12.178161999624129}, "CPU_total": {"rand": 633, "empty": 727, "lt": 1624, "lt_out": 1023, "item": 433, "to": 2549, "empty_strided": 367, "copy_": 3693, "is_nonzero": 373, "contiguous": 2597, "div": 1944}, "GPU": {"rand": 3.8434117570808217, "empty": 4.057294704776719, "lt": 10.402488819755005, "lt_out": 6.701665694471449, "item": 2.715665305593363, "to": 16.332879642232157, "empty_strided": 2.5730766737960984, "copy_": 24.071553567956443, "contiguous": 16.760645537623954, "div": 12.54131829671398}, "GPU_total": {"rand": 593, "empty": 626, "lt": 1605, "lt_out": 1034, "item": 419, "to": 2520, "empty_strided": 397, "copy_": 3714, "contiguous": 2586, "div": 1935}, "general": {"Forward": 100.0}}, "Datapoints": 0, "RuleParameters": ""}