{"RuleTriggered": 0, "Violations": 0, "Details": {"ratio": {"cpu_functions": 100.0}, "phase": {"Step:ModeKeys.TRAIN": 52.76233367328693, "others": 44.80429816839723, "Step:ModeKeys.EVAL": 2.433368158315838}, "phase_time": {}, "CPU": {"to": 49.535319913685235, "copy_": 50.464680086314765}, "CPU_total": {"to": 32131966, "copy_": 32734812}, "general": {"Forward": 100.0}}, "Datapoints": 0, "RuleParameters": ""}