{"RuleTriggered": 0, "Violations": 0, "Details": {"step_details": {"algo-1-33": {"step_stats": {"mean": 0.670163409375, "max": 10.326292, "p99": 2.4589127000000004, "p95": 1.88128485, "p50": 0.039649000000000004, "min": 0.031795}, "number_of_outliers": 1, "phase": "Step:ModeKeys.TRAIN", "stddev": 1.03, "probs": [215, 0, 0, 0, 0, 0, 0, 0, 0, 0, 0, 0, 0, 0, 0, 0, 0, 0, 0, 0, 0, 0, 0, 0, 0, 0, 0, 1, 0, 0, 0, 0, 0, 0, 0, 0, 0, 0, 0, 0, 0, 0, 0, 0, 0, 0, 0, 0, 7, 42, 39, 3, 3, 4, 0, 0, 0, 1, 0, 0, 0, 1, 0, 0, 0, 0, 0, 0, 1, 0, 0, 0, 0, 0, 0, 0, 0, 0, 0, 0, 0, 0, 0, 0, 0, 0, 0, 1, 0, 0, 0, 0, 0, 0, 0, 0, 0, 0, 0, 1], "binedges": [0.031795, 0.06808404, 0.10437308000000001, 0.14066212, 0.17695116, 0.2132402, 0.24952924, 0.28581828000000004, 0.32210732000000003, 0.35839636, 0.3946854, 0.43097444, 0.46726348000000006, 0.5035525200000001, 0.53984156, 0.5761306, 0.61241964, 0.64870868, 0.68499772, 0.72128676, 0.7575758, 0.79386484, 0.83015388, 0.86644292, 0.9027319600000001, 0.9390210000000001, 0.9753100400000001, 1.01159908, 1.04788812, 1.08417716, 1.1204662, 1.15675524, 1.19304428, 1.22933332, 1.26562236, 1.3019114, 1.33820044, 1.37448948, 1.41077852, 1.44706756, 1.4833566, 1.51964564, 1.55593468, 1.59222372, 1.62851276, 1.6648018, 1.70109084, 1.73737988, 1.7736689200000002, 1.8099579600000002, 1.8462470000000002, 1.8825360400000002, 1.9188250800000002, 1.9551141200000002, 1.9914031600000002, 2.0276922, 2.06398124, 2.1002702799999997, 2.13655932, 2.1728483599999997, 2.2091374, 2.2454264399999997, 2.28171548, 2.3180045199999997, 2.35429356, 2.3905826, 2.42687164, 2.46316068, 2.49944972, 2.53573876, 2.5720278, 2.60831684, 2.64460588, 2.68089492, 2.71718396, 2.753473, 2.78976204, 2.82605108, 2.86234012, 2.89862916, 2.9349182, 2.97120724, 3.00749628, 3.04378532, 3.08007436, 3.1163634, 3.15265244, 3.18894148, 3.2252305199999998, 3.26151956, 3.2978085999999998, 3.33409764, 3.3703866799999997, 3.40667572, 3.4429647599999997, 3.4792538, 3.51554284, 3.55183188, 3.58812092, 3.62440996, 3.660699], "step_numbers": ["0"]}}}, "Datapoints": 335, "RuleParameters": "threshold:3\nmode:None\nn_outliers:10\nstddev:3"}