{"RuleTriggered": 5, "Violations": 798, "Details": {"step_details": {"algo-1-33": {"step_stats": {"mean": 0.0023089439676678976, "max": 13.957202, "p99": 0.04273068000000001, "p95": 0.0014189500000000006, "p50": 0.000758, "min": 0.000241}, "number_of_outliers": 2, "phase": "Step:ModeKeys.GLOBAL", "stddev": 0.1, "probs": [16577, 2603, 228, 66, 54, 38, 32, 10, 32, 15, 16, 13, 4, 1, 21, 2, 2, 0, 1, 0, 1, 2, 3, 0, 1, 0, 0, 1, 1, 1, 0, 0, 2, 0, 0, 0, 0, 0, 0, 0, 0, 1, 0, 0, 0, 1, 0, 2, 5, 2, 2, 3, 2, 1, 0, 1, 2, 24, 36, 33, 17, 32, 21, 26, 12, 15, 11, 9, 8, 7, 9, 4, 4, 1, 6, 1, 1, 2, 2, 1, 1, 1, 1, 1, 0, 0, 0, 0, 2, 0, 0, 0, 0, 0, 1, 0, 1, 0, 0, 1], "binedges": [0.000241, 0.00094986, 0.0016587199999999998, 0.0023675799999999998, 0.0030764399999999997, 0.0037852999999999997, 0.00449416, 0.005203019999999999, 0.0059118799999999996, 0.00662074, 0.0073295999999999995, 0.008038459999999999, 0.00874732, 0.00945618, 0.010165039999999998, 0.010873899999999999, 0.01158276, 0.01229162, 0.01300048, 0.013709339999999999, 0.014418199999999999, 0.01512706, 0.01583592, 0.016544780000000002, 0.01725364, 0.0179625, 0.01867136, 0.01938022, 0.02008908, 0.02079794, 0.0215068, 0.02221566, 0.02292452, 0.02363338, 0.02434224, 0.0250511, 0.025759960000000002, 0.02646882, 0.02717768, 0.02788654, 0.0285954, 0.02930426, 0.03001312, 0.03072198, 0.031430839999999995, 0.03213969999999999, 0.03284856, 0.03355742, 0.034266279999999996, 0.034975139999999995, 0.035683999999999994, 0.03639286, 0.03710172, 0.037810579999999996, 0.038519439999999995, 0.039228299999999994, 0.03993715999999999, 0.04064602, 0.04135488, 0.042063739999999995, 0.042772599999999994, 0.04348145999999999, 0.04419032, 0.04489918, 0.045608039999999996, 0.046316899999999994, 0.04702575999999999, 0.04773462, 0.04844348, 0.049152339999999996, 0.049861199999999994, 0.05057005999999999, 0.05127892, 0.05198778, 0.052696639999999996, 0.053405499999999995, 0.05411435999999999, 0.05482321999999999, 0.05553208, 0.056240939999999996, 0.056949799999999995, 0.057658659999999994, 0.05836751999999999, 0.05907638, 0.059785239999999996, 0.060494099999999995, 0.061202959999999994, 0.06191181999999999, 0.06262068, 0.06332954, 0.0640384, 0.06474726, 0.06545612, 0.06616498, 0.06687384, 0.0675827, 0.06829156, 0.06900042, 0.06970928, 0.07041814, 0.071127], "step_numbers": ["63", "20039"]}}, "ratio": {}, "phase": {"Step:ModeKeys.GLOBAL": 100.0}, "phase_time": {}, "general": {"Forward": 100.0}}, "Datapoints": 20042, "RuleParameters": "threshold:3\nmode:None\nn_outliers:10\nstddev:3"}